epoch,time,lr,loss,mlm_perplexity,sop_accuracy,spearman,val_loss,val_mlm_perplexity,val_sop_accuracy,val_spearman,question_score,question_views,question_favs,answer_score,is_answer_accepted
1,6.650695288553834,1e-05,13.070652675628661,3474.6308056640623,0.56,-0.015820030213091398,12.095844650268555,3129.551708984375,1.0,-0.06385746372891807,0.20519567041703082,-0.6,0.11180339887498947,0.6708203932499368,-0.7071067811865475
2,6.535326995886862,1e-05,12.528139114379883,3067.3968017578127,0.82,0.02594539246432385,11.729750061035157,2705.76875,1.0,-0.2790455906913403,0.35909242322980395,-0.6,0.44721359549995787,-0.8944271909999157,-0.7071067811865475
3,6.6006855964660645,1e-05,12.239549884796142,2814.7405810546875,0.92,0.013570669781585321,11.465678405761718,2439.3009765625,1.0,-0.28746426147889703,0.20519567041703082,-0.6,0.44721359549995787,-0.7826237921249264,-0.7071067811865475
